system:index,count,hotspot,.geo
+15811+65761,1,0,"{""geodesic"":false,""type"":""Point"",""coordinates"":[10.000140158915013,41.59151358571228]}"
+15813+65766,2,0,"{""geodesic"":false,""type"":""Point"",""coordinates"":[10.001405078771942,41.59435965539036]}"
+15816+65760,1,0,"{""geodesic"":false,""type"":""Point"",""coordinates"":[10.003302458557336,41.59088112578381]}"
+15816+65770,1,0,"{""geodesic"":false,""type"":""Point"",""coordinates"":[10.003302458557336,41.597205725068456]}"
+15821+65751,1,0,"{""geodesic"":false,""type"":""Point"",""coordinates"":[10.006464758199657,41.58518898642763]}"
+15826+65782,1,0,"{""geodesic"":false,""type"":""Point"",""coordinates"":[10.00962705784198,41.60479524421003]}"
+15826+65796,1,0,"{""geodesic"":false,""type"":""Point"",""coordinates"":[10.00962705784198,41.61364968320853]}"
+15831+65784,1,0,"{""geodesic"":false,""type"":""Point"",""coordinates"":[10.012789357484301,41.60606016406696]}"
+15831+65791,1,0,"{""geodesic"":false,""type"":""Point"",""coordinates"":[10.012789357484301,41.61048738356621]}"
+15831+66145,1,0,"{""geodesic"":false,""type"":""Point"",""coordinates"":[10.012789357484301,41.83437819824261]}"
+15832+65776,1,0,"{""geodesic"":false,""type"":""Point"",""coordinates"":[10.013421817412766,41.60100048463924]}"
+15833+65766,1,0,"{""geodesic"":false,""type"":""Point"",""coordinates"":[10.01405427734123,41.5946758853546]}"
+15835+65767,1,0,"{""geodesic"":false,""type"":""Point"",""coordinates"":[10.01531919719816,41.595308345283065]}"
+15835+65772,1,0,"{""geodesic"":false,""type"":""Point"",""coordinates"":[10.01531919719816,41.598470644925385]}"
+15838+65767,2,0,"{""geodesic"":false,""type"":""Point"",""coordinates"":[10.01690034701932,41.595308345283065]}"
+15840+65763,1,0,"{""geodesic"":false,""type"":""Point"",""coordinates"":[10.018481496840481,41.59277850556921]}"
+15841+65766,1,0,"{""geodesic"":false,""type"":""Point"",""coordinates"":[10.019113956768946,41.5946758853546]}"
+15842+65764,1,0,"{""geodesic"":false,""type"":""Point"",""coordinates"":[10.01974641669741,41.59341096549767]}"
+15845+65752,1,0,"{""geodesic"":false,""type"":""Point"",""coordinates"":[10.021643796482804,41.5858214463561]}"
+15849+65757,1,0,"{""geodesic"":false,""type"":""Point"",""coordinates"":[10.024173636196661,41.58898374599842]}"
+15852+66222,1,0,"{""geodesic"":false,""type"":""Point"",""coordinates"":[10.026071015982055,41.88307761273437]}"
+15853+65757,1,0,"{""geodesic"":false,""type"":""Point"",""coordinates"":[10.02670347591052,41.58898374599842]}"
+15853+66227,1,0,"{""geodesic"":false,""type"":""Point"",""coordinates"":[10.02670347591052,41.88623991237669]}"
+15854+66224,2,0,"{""geodesic"":false,""type"":""Point"",""coordinates"":[10.027019705874752,41.8843425325913]}"
+15855+66309,1,0,"{""geodesic"":false,""type"":""Point"",""coordinates"":[10.027968395767447,41.93810162651077]}"
+15856+66186,4,0,"{""geodesic"":false,""type"":""Point"",""coordinates"":[10.028126510749564,41.8598347103633]}"
+15857+66187,1,0,"{""geodesic"":false,""type"":""Point"",""coordinates"":[10.029233315624376,41.86094151523812]}"
+15857+66218,2,0,"{""geodesic"":false,""type"":""Point"",""coordinates"":[10.028917085660144,41.88054777302051]}"
+15858+66232,1,0,"{""geodesic"":false,""type"":""Point"",""coordinates"":[10.02986577555284,41.889402212019014]}"
+15859+66219,1,0,"{""geodesic"":false,""type"":""Point"",""coordinates"":[10.030498235481305,41.88118023294898]}"
+15861+65763,1,0,"{""geodesic"":false,""type"":""Point"",""coordinates"":[10.031763155338234,41.59277850556921]}"
+15862+66180,1,0,"{""geodesic"":false,""type"":""Point"",""coordinates"":[10.032395615266699,41.85651429573886]}"
+15862+66222,1,0,"{""geodesic"":false,""type"":""Point"",""coordinates"":[10.032395615266699,41.88307761273437]}"
+15862+66235,1,0,"{""geodesic"":false,""type"":""Point"",""coordinates"":[10.032395615266699,41.891299591804405]}"
+15864+66147,1,0,"{""geodesic"":false,""type"":""Point"",""coordinates"":[10.033660535123627,41.83564311809954]}"
+15864+66160,1,0,"{""geodesic"":false,""type"":""Point"",""coordinates"":[10.033660535123627,41.84386509716958]}"
+15864+66213,1,0,"{""geodesic"":false,""type"":""Point"",""coordinates"":[10.033660535123627,41.87738547337819]}"
+15864+66223,1,0,"{""geodesic"":false,""type"":""Point"",""coordinates"":[10.033660535123627,41.883710072662836]}"
+15864+66233,1,0,"{""geodesic"":false,""type"":""Point"",""coordinates"":[10.033660535123627,41.890034671947475]}"
+15865+66137,1,0,"{""geodesic"":false,""type"":""Point"",""coordinates"":[10.034292995052091,41.829318518814894]}"
+15865+66221,1,0,"{""geodesic"":false,""type"":""Point"",""coordinates"":[10.034292995052091,41.88244515280591]}"
+15866+65763,2,0,"{""geodesic"":false,""type"":""Point"",""coordinates"":[10.034609225016323,41.59277850556921]}"
+15866+66210,1,0,"{""geodesic"":false,""type"":""Point"",""coordinates"":[10.034925454980556,41.87548809359279]}"
+15867+65749,1,0,"{""geodesic"":false,""type"":""Point"",""coordinates"":[10.03555791490902,41.5839240665707]}"
+15867+66141,2,0,"{""geodesic"":false,""type"":""Point"",""coordinates"":[10.035241684944788,41.83184835852875]}"
+15869+65753,1,0,"{""geodesic"":false,""type"":""Point"",""coordinates"":[10.03682283476595,41.58645390628456]}"
+15869+65761,1,0,"{""geodesic"":false,""type"":""Point"",""coordinates"":[10.03682283476595,41.59151358571228]}"
+15869+66184,1,0,"{""geodesic"":false,""type"":""Point"",""coordinates"":[10.03682283476595,41.85904413545272]}"
+15869+66219,1,0,"{""geodesic"":false,""type"":""Point"",""coordinates"":[10.03682283476595,41.88118023294898]}"
+15871+66146,1,0,"{""geodesic"":false,""type"":""Point"",""coordinates"":[10.038087754622879,41.83501065817107]}"
+15871+66331,1,0,"{""geodesic"":false,""type"":""Point"",""coordinates"":[10.038087754622879,41.95201574493699]}"
+15872+66136,2,0,"{""geodesic"":false,""type"":""Point"",""coordinates"":[10.03840398458711,41.82868605888643]}"
+15872+66289,3,0,"{""geodesic"":false,""type"":""Point"",""coordinates"":[10.038087754622879,41.92545242794149]}"
+15874+65745,1,0,"{""geodesic"":false,""type"":""Point"",""coordinates"":[10.039985134408271,41.581394226856844]}"
+15874+65765,2,0,"{""geodesic"":false,""type"":""Point"",""coordinates"":[10.039668904444039,41.594043425426136]}"
+15874+66284,1,0,"{""geodesic"":false,""type"":""Point"",""coordinates"":[10.039985134408271,41.92229012829916]}"
+15876+66313,1,0,"{""geodesic"":false,""type"":""Point"",""coordinates"":[10.0412500542652,41.94063146622463]}"
+15877+65765,1,0,"{""geodesic"":false,""type"":""Point"",""coordinates"":[10.041882514193665,41.594043425426136]}"
+15877+66214,1,0,"{""geodesic"":false,""type"":""Point"",""coordinates"":[10.041882514193665,41.87801793330665]}"
+15877+66295,1,0,"{""geodesic"":false,""type"":""Point"",""coordinates"":[10.041882514193665,41.929247187512274]}"
+15877+66329,1,0,"{""geodesic"":false,""type"":""Point"",""coordinates"":[10.041882514193665,41.950750825080064]}"
+15878+66294,1,0,"{""geodesic"":false,""type"":""Point"",""coordinates"":[10.04251497412213,41.928614727583806]}"
+15878+66297,1,0,"{""geodesic"":false,""type"":""Point"",""coordinates"":[10.04251497412213,41.930512107369196]}"
+15880+66224,1,0,"{""geodesic"":false,""type"":""Point"",""coordinates"":[10.043779893979059,41.8843425325913]}"
+15880+66317,1,0,"{""geodesic"":false,""type"":""Point"",""coordinates"":[10.043779893979059,41.94316130593849]}"
+15882+66226,1,0,"{""geodesic"":false,""type"":""Point"",""coordinates"":[10.045044813835986,41.88560745244823]}"
+15882+66278,1,0,"{""geodesic"":false,""type"":""Point"",""coordinates"":[10.045044813835986,41.91849536872838]}"
+15883+66224,1,0,"{""geodesic"":false,""type"":""Point"",""coordinates"":[10.04567727376445,41.8843425325913]}"
+15883+66293,2,0,"{""geodesic"":false,""type"":""Point"",""coordinates"":[10.045361043800218,41.927982267655345]}"
+15883+66311,2,0,"{""geodesic"":false,""type"":""Point"",""coordinates"":[10.045361043800218,41.9393665463677]}"
+15884+65747,1,0,"{""geodesic"":false,""type"":""Point"",""coordinates"":[10.046309733692915,41.58265914671377]}"
+15884+66227,1,0,"{""geodesic"":false,""type"":""Point"",""coordinates"":[10.046309733692915,41.88623991237669]}"
+15884+66285,4,0,"{""geodesic"":false,""type"":""Point"",""coordinates"":[10.04567727376445,41.922606358263394]}"
+15884+66306,2,0,"{""geodesic"":false,""type"":""Point"",""coordinates"":[10.045993503728683,41.93620424672538]}"
+15885+63825,1,0,"{""geodesic"":false,""type"":""Point"",""coordinates"":[10.04694219362138,40.36707116420518]}"
+15885+66290,1,0,"{""geodesic"":false,""type"":""Point"",""coordinates"":[10.04694219362138,41.92608488786995]}"
+15886+66168,3,0,"{""geodesic"":false,""type"":""Point"",""coordinates"":[10.04694219362138,41.84892477659729]}"
+15886+66181,1,0,"{""geodesic"":false,""type"":""Point"",""coordinates"":[10.047574653549844,41.85714675566733]}"
+15888+63826,2,0,"{""geodesic"":false,""type"":""Point"",""coordinates"":[10.048523343442541,40.36770362413365]}"
+15888+66166,1,0,"{""geodesic"":false,""type"":""Point"",""coordinates"":[10.048839573406774,41.847659856740364]}"
+15888+66187,1,0,"{""geodesic"":false,""type"":""Point"",""coordinates"":[10.048839573406774,41.86094151523812]}"
+15889+66209,1,0,"{""geodesic"":false,""type"":""Point"",""coordinates"":[10.049472033335238,41.87485563366433]}"
+15889+66304,1,0,"{""geodesic"":false,""type"":""Point"",""coordinates"":[10.049472033335238,41.93493932686845]}"
+15890+63827,1,0,"{""geodesic"":false,""type"":""Point"",""coordinates"":[10.050104493263701,40.36833608406211]}"
+15891+65752,2,0,"{""geodesic"":false,""type"":""Point"",""coordinates"":[10.050420723227933,41.5858214463561]}"
+15892+66168,1,0,"{""geodesic"":false,""type"":""Point"",""coordinates"":[10.05136941312063,41.84892477659729]}"
+15892+66170,2,0,"{""geodesic"":false,""type"":""Point"",""coordinates"":[10.051053183156398,41.85018969645422]}"
+15892+66210,2,0,"{""geodesic"":false,""type"":""Point"",""coordinates"":[10.051053183156398,41.87548809359279]}"
+15893+66169,1,0,"{""geodesic"":false,""type"":""Point"",""coordinates"":[10.052001873049095,41.849557236525754]}"
+15893+66206,2,0,"{""geodesic"":false,""type"":""Point"",""coordinates"":[10.051685643084863,41.87295825387894]}"
+15893+66249,1,0,"{""geodesic"":false,""type"":""Point"",""coordinates"":[10.052001873049095,41.90015403080291]}"
+15895+63829,1,0,"{""geodesic"":false,""type"":""Point"",""coordinates"":[10.053266792906024,40.36960100391904]}"
+15895+66249,1,0,"{""geodesic"":false,""type"":""Point"",""coordinates"":[10.053266792906024,41.90015403080291]}"
+15895+66277,1,0,"{""geodesic"":false,""type"":""Point"",""coordinates"":[10.053266792906024,41.91786290879991]}"
+15896+66210,2,0,"{""geodesic"":false,""type"":""Point"",""coordinates"":[10.053583022870257,41.87548809359279]}"
+15896+66247,1,0,"{""geodesic"":false,""type"":""Point"",""coordinates"":[10.053899252834489,41.89888911094598]}"
+15897+63829,1,0,"{""geodesic"":false,""type"":""Point"",""coordinates"":[10.054531712762953,40.36960100391904]}"
+15897+66206,1,0,"{""geodesic"":false,""type"":""Point"",""coordinates"":[10.054531712762953,41.87295825387894]}"
+15897+66272,1,0,"{""geodesic"":false,""type"":""Point"",""coordinates"":[10.054531712762953,41.91470060915759]}"
+15898+66279,1,0,"{""geodesic"":false,""type"":""Point"",""coordinates"":[10.055164172691416,41.91912782865684]}"
+15899+66175,1,0,"{""geodesic"":false,""type"":""Point"",""coordinates"":[10.05579663261988,41.85335199609654]}"
+15900+66232,1,0,"{""geodesic"":false,""type"":""Point"",""coordinates"":[10.056429092548345,41.889402212019014]}"
+15901+66260,1,0,"{""geodesic"":false,""type"":""Point"",""coordinates"":[10.05706155247681,41.907111090016016]}"
+15902+66230,1,0,"{""geodesic"":false,""type"":""Point"",""coordinates"":[10.057694012405275,41.888137292162085]}"
+15902+66233,1,0,"{""geodesic"":false,""type"":""Point"",""coordinates"":[10.057694012405275,41.890034671947475]}"
+15903+66231,1,0,"{""geodesic"":false,""type"":""Point"",""coordinates"":[10.05832647233374,41.888769752090546]}"
+15903+66249,1,0,"{""geodesic"":false,""type"":""Point"",""coordinates"":[10.05832647233374,41.90015403080291]}"
+15904+66205,2,0,"{""geodesic"":false,""type"":""Point"",""coordinates"":[10.058642702297972,41.87232579395047]}"
+15904+66207,1,0,"{""geodesic"":false,""type"":""Point"",""coordinates"":[10.058958932262204,41.8735907138074]}"
+15904+66225,4,0,"{""geodesic"":false,""type"":""Point"",""coordinates"":[10.058010242369507,41.884974992519766]}"
+15905+66230,1,0,"{""geodesic"":false,""type"":""Point"",""coordinates"":[10.059591392190669,41.888137292162085]}"
+15906+66215,1,0,"{""geodesic"":false,""type"":""Point"",""coordinates"":[10.060223852119133,41.87865039323512]}"
+15906+66217,2,0,"{""geodesic"":false,""type"":""Point"",""coordinates"":[10.0599076221549,41.87991531309205]}"
+15907+66213,1,0,"{""geodesic"":false,""type"":""Point"",""coordinates"":[10.060856312047596,41.87738547337819]}"
+15907+66263,2,0,"{""geodesic"":false,""type"":""Point"",""coordinates"":[10.060540082083365,41.90900846980141]}"
+15907+66267,2,0,"{""geodesic"":false,""type"":""Point"",""coordinates"":[10.060856312047596,41.91122207955104]}"
+15908+66215,1,0,"{""geodesic"":false,""type"":""Point"",""coordinates"":[10.06148877197606,41.87865039323512]}"
+15908+66264,1,0,"{""geodesic"":false,""type"":""Point"",""coordinates"":[10.06148877197606,41.909640929729875]}"
+15909+66258,2,0,"{""geodesic"":false,""type"":""Point"",""coordinates"":[10.061805001940293,41.90584617015909]}"
+15909+66265,1,0,"{""geodesic"":false,""type"":""Point"",""coordinates"":[10.062121231904525,41.910273389658336]}"
+15910+66254,1,0,"{""geodesic"":false,""type"":""Point"",""coordinates"":[10.06275369183299,41.90331633044523]}"
+15911+66257,3,0,"{""geodesic"":false,""type"":""Point"",""coordinates"":[10.063175331785299,41.90500289025447]}"
+15913+66222,1,0,"{""geodesic"":false,""type"":""Point"",""coordinates"":[10.064651071618384,41.88307761273437]}"
+15913+66255,1,0,"{""geodesic"":false,""type"":""Point"",""coordinates"":[10.064651071618384,41.9039487903737]}"
+15915+66260,1,0,"{""geodesic"":false,""type"":""Point"",""coordinates"":[10.065915991475313,41.907111090016016]}"
+15916+66265,1,0,"{""geodesic"":false,""type"":""Point"",""coordinates"":[10.066548451403776,41.910273389658336]}"
+15917+66224,1,0,"{""geodesic"":false,""type"":""Point"",""coordinates"":[10.06718091133224,41.8843425325913]}"
+15917+66254,3,0,"{""geodesic"":false,""type"":""Point"",""coordinates"":[10.066970091356085,41.90310551046908]}"
+15917+66257,2,0,"{""geodesic"":false,""type"":""Point"",""coordinates"":[10.06718091133224,41.90489748026639]}"
+15919+66213,1,0,"{""geodesic"":false,""type"":""Point"",""coordinates"":[10.06844583118917,41.87738547337819]}"
+15919+66246,1,0,"{""geodesic"":false,""type"":""Point"",""coordinates"":[10.06844583118917,41.89825665101751]}"
+15919+66252,1,0,"{""geodesic"":false,""type"":""Point"",""coordinates"":[10.06844583118917,41.9020514105883]}"
+15920+66216,3,0,"{""geodesic"":false,""type"":""Point"",""coordinates"":[10.06844583118917,41.87928285316358]}"
+15921+66257,1,0,"{""geodesic"":false,""type"":""Point"",""coordinates"":[10.069710751046099,41.905213710230626]}"
+15922+66239,1,0,"{""geodesic"":false,""type"":""Point"",""coordinates"":[10.070343210974563,41.89382943151826]}"
+15922+66247,1,0,"{""geodesic"":false,""type"":""Point"",""coordinates"":[10.070343210974563,41.89888911094598]}"
+15924+65751,1,0,"{""geodesic"":false,""type"":""Point"",""coordinates"":[10.071608130831493,41.58518898642763]}"
+15924+65757,1,0,"{""geodesic"":false,""type"":""Point"",""coordinates"":[10.071608130831493,41.58898374599842]}"
+15925+65748,1,0,"{""geodesic"":false,""type"":""Point"",""coordinates"":[10.072240590759955,41.58329160664224]}"
+15927+65776,1,0,"{""geodesic"":false,""type"":""Point"",""coordinates"":[10.073505510616885,41.60100048463924]}"
+15928+66305,1,0,"{""geodesic"":false,""type"":""Point"",""coordinates"":[10.07413797054535,41.93557178679691]}"
+15930+65763,1,0,"{""geodesic"":false,""type"":""Point"",""coordinates"":[10.075402890402279,41.59277850556921]}"
+15931+65752,1,0,"{""geodesic"":false,""type"":""Point"",""coordinates"":[10.076035350330743,41.5858214463561]}"
+15932+65761,1,0,"{""geodesic"":false,""type"":""Point"",""coordinates"":[10.076667810259208,41.59151358571228]}"
+15932+66319,2,0,"{""geodesic"":false,""type"":""Point"",""coordinates"":[10.076351580294975,41.94442622579542]}"
+15934+65750,1,0,"{""geodesic"":false,""type"":""Point"",""coordinates"":[10.077932730116135,41.58455652649917]}"
+15934+66304,1,0,"{""geodesic"":false,""type"":""Point"",""coordinates"":[10.077932730116135,41.93493932686845]}"
+15936+66308,1,0,"{""geodesic"":false,""type"":""Point"",""coordinates"":[10.079197649973064,41.93746916658231]}"
+15937+65755,1,0,"{""geodesic"":false,""type"":""Point"",""coordinates"":[10.079830109901529,41.58771882614149]}"
+15937+65758,1,0,"{""geodesic"":false,""type"":""Point"",""coordinates"":[10.079830109901529,41.58961620592688]}"
+15937+65768,1,0,"{""geodesic"":false,""type"":""Point"",""coordinates"":[10.079830109901529,41.59594080521153]}"
+15939+65746,1,0,"{""geodesic"":false,""type"":""Point"",""coordinates"":[10.081095029758458,41.58202668678531]}"
+15941+65752,1,0,"{""geodesic"":false,""type"":""Point"",""coordinates"":[10.082359949615388,41.5858214463561]}"
+15942+66309,1,0,"{""geodesic"":false,""type"":""Point"",""coordinates"":[10.08299240954385,41.93810162651077]}"
+15946+66246,1,0,"{""geodesic"":false,""type"":""Point"",""coordinates"":[10.085522249257709,41.89825665101751]}"
+16045+65730,1,0,"{""geodesic"":false,""type"":""Point"",""coordinates"":[10.148135782175686,41.57190732792988]}"
+16067+65754,1,0,"{""geodesic"":false,""type"":""Point"",""coordinates"":[10.162049900601902,41.58708636621303]}"
+16451+64749,1,0,"{""geodesic"":false,""type"":""Point"",""coordinates"":[10.404914513132235,40.951464138106296]}"
+16493+64871,1,0,"{""geodesic"":false,""type"":""Point"",""coordinates"":[10.43147783012774,41.02862424937895]}"
+16499+64888,2,0,"{""geodesic"":false,""type"":""Point"",""coordinates"":[10.435272589698528,41.03905983819862]}"
+16708+65161,1,0,"{""geodesic"":false,""type"":""Point"",""coordinates"":[10.567456714747589,41.21203762863363]}"
+16712+65171,1,0,"{""geodesic"":false,""type"":""Point"",""coordinates"":[10.569986554461446,41.21836222791828]}"
+16720+65167,1,0,"{""geodesic"":false,""type"":""Point"",""coordinates"":[10.575046233889163,41.21583238820442]}"
+16722+65163,1,0,"{""geodesic"":false,""type"":""Point"",""coordinates"":[10.57631115374609,41.21330254849056]}"
+16780+65767,1,0,"{""geodesic"":false,""type"":""Point"",""coordinates"":[10.612993829597027,41.595308345283065]}"
+16922+65682,5,0,"{""geodesic"":false,""type"":""Point"",""coordinates"":[10.702044187524814,41.541296267392205]}"
+16928+65683,4,0,"{""geodesic"":false,""type"":""Point"",""coordinates"":[10.705649209117063,41.54218171129205]}"
+16932+65684,3,0,"{""geodesic"":false,""type"":""Point"",""coordinates"":[10.708495278795152,41.54281417122052]}"
+16937+65685,5,0,"{""geodesic"":false,""type"":""Point"",""coordinates"":[10.71102511850901,41.54344663114898]}"
+16941+65687,4,0,"{""geodesic"":false,""type"":""Point"",""coordinates"":[10.714345533133448,41.54423720605956]}"
+16946+65687,2,0,"{""geodesic"":false,""type"":""Point"",""coordinates"":[10.717665947757887,41.54471155100591]}"
+16948+65689,1,0,"{""geodesic"":false,""type"":""Point"",""coordinates"":[10.719247097579048,41.54597647086284]}"
+16952+65690,8,0,"{""geodesic"":false,""type"":""Point"",""coordinates"":[10.721460707328673,41.54581835588072]}"
+16957+65690,3,0,"{""geodesic"":false,""type"":""Point"",""coordinates"":[10.724306777006763,41.5466089307913]}"
+16961+65691,2,0,"{""geodesic"":false,""type"":""Point"",""coordinates"":[10.727152846684852,41.54724139071977]}"
+16968+65693,1,0,"{""geodesic"":false,""type"":""Point"",""coordinates"":[10.731896296148335,41.5485063105767]}"
+16984+65097,1,0,"{""geodesic"":false,""type"":""Point"",""coordinates"":[10.742015655003765,41.17156019321191]}"
+17238+65728,2,0,"{""geodesic"":false,""type"":""Point"",""coordinates"":[10.902660476833725,41.57032617810872]}"
+17299+66276,1,0,"{""geodesic"":false,""type"":""Point"",""coordinates"":[10.941240532470054,41.91723044887145]}"
+17333+66173,1,0,"{""geodesic"":false,""type"":""Point"",""coordinates"":[10.962744170037846,41.85208707623961]}"
+17334+66172,1,0,"{""geodesic"":false,""type"":""Point"",""coordinates"":[10.963376629966309,41.85145461631115]}"
+17336+66169,1,0,"{""geodesic"":false,""type"":""Point"",""coordinates"":[10.964641549823238,41.849557236525754]}"
+17338+66166,1,0,"{""geodesic"":false,""type"":""Point"",""coordinates"":[10.965906469680167,41.847659856740364]}"
+17340+66165,1,0,"{""geodesic"":false,""type"":""Point"",""coordinates"":[10.967171389537096,41.847027396811896]}"
+17341+66163,1,0,"{""geodesic"":false,""type"":""Point"",""coordinates"":[10.967803849465561,41.84576247695497]}"
+17342+66162,1,0,"{""geodesic"":false,""type"":""Point"",""coordinates"":[10.968436309394024,41.845130017026506]}"
+17343+66161,1,0,"{""geodesic"":false,""type"":""Point"",""coordinates"":[10.969068769322488,41.84449755709804]}"
+17344+66160,2,0,"{""geodesic"":false,""type"":""Point"",""coordinates"":[10.969701229250953,41.84354886720534]}"
+17346+66158,2,0,"{""geodesic"":false,""type"":""Point"",""coordinates"":[10.97064991914365,41.84260017731265]}"
+17729+66413,10001898,1,"{""geodesic"":false,""type"":""Point"",""coordinates"":[11.00006104222264,41.00270719085403]}"
+18335+63258,1,0,"{""geodesic"":false,""type"":""Point"",""coordinates"":[11.596469018359183,40.00846638476586]}"
+18345+63269,1,0,"{""geodesic"":false,""type"":""Point"",""coordinates"":[11.602793617643828,40.01542344397897]}"
+18345+63271,1,0,"{""geodesic"":false,""type"":""Point"",""coordinates"":[11.602793617643828,40.0166883638359]}"
+18346+63268,1,0,"{""geodesic"":false,""type"":""Point"",""coordinates"":[11.603426077572292,40.01479098405051]}"
+18362+63342,1,0,"{""geodesic"":false,""type"":""Point"",""coordinates"":[11.613545436427723,40.06159301875687]}"
+18369+63249,1,0,"{""geodesic"":false,""type"":""Point"",""coordinates"":[11.617972655926973,40.00277424540968]}"
+18369+63274,1,0,"{""geodesic"":false,""type"":""Point"",""coordinates"":[11.617972655926973,40.01858574362129]}"
+18370+63250,1,0,"{""geodesic"":false,""type"":""Point"",""coordinates"":[11.618605115855438,40.00340670533814]}"
+18381+63273,1,0,"{""geodesic"":false,""type"":""Point"",""coordinates"":[11.625562175068547,40.017953283692826]}"
+18385+63279,1,0,"{""geodesic"":false,""type"":""Point"",""coordinates"":[11.628092014782403,40.021748043263614]}"
+18388+63282,1,0,"{""geodesic"":false,""type"":""Point"",""coordinates"":[11.629989394567797,40.023645423049004]}"
+18393+63274,1,0,"{""geodesic"":false,""type"":""Point"",""coordinates"":[11.633151694210119,40.01858574362129]}"
+18394+63271,1,0,"{""geodesic"":false,""type"":""Point"",""coordinates"":[11.633784154138583,40.0166883638359]}"
+18399+63308,1,0,"{""geodesic"":false,""type"":""Point"",""coordinates"":[11.636946453780906,40.04008938118908]}"
+18400+63273,1,0,"{""geodesic"":false,""type"":""Point"",""coordinates"":[11.63757891370937,40.017953283692826]}"
+18401+63282,1,0,"{""geodesic"":false,""type"":""Point"",""coordinates"":[11.638211373637834,40.023645423049004]}"
+18401+63286,1,0,"{""geodesic"":false,""type"":""Point"",""coordinates"":[11.638211373637834,40.02617526276286]}"
+18401+63321,1,0,"{""geodesic"":false,""type"":""Point"",""coordinates"":[11.638211373637834,40.04831136025912]}"
+18401+63331,1,0,"{""geodesic"":false,""type"":""Point"",""coordinates"":[11.638211373637834,40.05463595954376]}"
+18401+63379,1,0,"{""geodesic"":false,""type"":""Point"",""coordinates"":[11.638211373637834,40.084994036110054]}"
+18401+63399,1,0,"{""geodesic"":false,""type"":""Point"",""coordinates"":[11.638211373637834,40.09764323467934]}"
+18401+63436,1,0,"{""geodesic"":false,""type"":""Point"",""coordinates"":[11.638211373637834,40.121044252032526]}"
+18402+63281,1,0,"{""geodesic"":false,""type"":""Point"",""coordinates"":[11.638843833566298,40.02301296312054]}"
+18404+63281,1,0,"{""geodesic"":false,""type"":""Point"",""coordinates"":[11.640108753423227,40.02301296312054]}"
+18405+63402,1,0,"{""geodesic"":false,""type"":""Point"",""coordinates"":[11.640741213351692,40.099540614464736]}"
+18408+63371,1,0,"{""geodesic"":false,""type"":""Point"",""coordinates"":[11.642638593137086,40.07993435668234]}"
+18408+63448,1,0,"{""geodesic"":false,""type"":""Point"",""coordinates"":[11.642638593137086,40.128633771174094]}"
+18411+63400,1,0,"{""geodesic"":false,""type"":""Point"",""coordinates"":[11.644535972922478,40.09827569460781]}"
+18413+63396,1,0,"{""geodesic"":false,""type"":""Point"",""coordinates"":[11.645800892779407,40.09574585489395]}"
+18413+63452,1,0,"{""geodesic"":false,""type"":""Point"",""coordinates"":[11.645800892779407,40.13116361088795]}"
+18414+63392,1,0,"{""geodesic"":false,""type"":""Point"",""coordinates"":[11.646433352707872,40.09321601518009]}"
+18415+63334,2,0,"{""geodesic"":false,""type"":""Point"",""coordinates"":[11.646749582672104,40.05653333932916]}"
+18416+63396,1,0,"{""geodesic"":false,""type"":""Point"",""coordinates"":[11.647698272564801,40.09574585489395]}"
+18417+63399,1,0,"{""geodesic"":false,""type"":""Point"",""coordinates"":[11.648330732493266,40.09764323467934]}"
+18421+63450,1,0,"{""geodesic"":false,""type"":""Point"",""coordinates"":[11.650860572207122,40.12989869103102]}"
+18423+63310,1,0,"{""geodesic"":false,""type"":""Point"",""coordinates"":[11.652125492064052,40.041354301046006]}"
+18423+63449,1,0,"{""geodesic"":false,""type"":""Point"",""coordinates"":[11.652125492064052,40.12926623110256]}"
+18427+63468,1,0,"{""geodesic"":false,""type"":""Point"",""coordinates"":[11.65465533177791,40.141282969743386]}"
+18430+63443,1,0,"{""geodesic"":false,""type"":""Point"",""coordinates"":[11.656552711563302,40.125471471531775]}"
+18432+63398,1,0,"{""geodesic"":false,""type"":""Point"",""coordinates"":[11.657817631420231,40.09701077475088]}"
+18433+63371,1,0,"{""geodesic"":false,""type"":""Point"",""coordinates"":[11.658450091348696,40.07993435668234]}"
+18435+63370,2,0,"{""geodesic"":false,""type"":""Point"",""coordinates"":[11.659398781241393,40.079301896753876]}"
+18435+63398,1,0,"{""geodesic"":false,""type"":""Point"",""coordinates"":[11.659715011205625,40.09701077475088]}"
+18436+63369,1,0,"{""geodesic"":false,""type"":""Point"",""coordinates"":[11.660347471134088,40.07866943682541]}"
+18436+63376,1,0,"{""geodesic"":false,""type"":""Point"",""coordinates"":[11.660347471134088,40.083096656324656]}"
+18438+63399,1,0,"{""geodesic"":false,""type"":""Point"",""coordinates"":[11.661612390991017,40.09764323467934]}"
+18440+63464,1,0,"{""geodesic"":false,""type"":""Point"",""coordinates"":[11.662877310847946,40.13875313002953]}"
+18442+63481,1,0,"{""geodesic"":false,""type"":""Point"",""coordinates"":[11.664142230704876,40.14950494881342]}"
+18443+63371,1,0,"{""geodesic"":false,""type"":""Point"",""coordinates"":[11.66477469063334,40.07993435668234]}"
+18443+63398,2,0,"{""geodesic"":false,""type"":""Point"",""coordinates"":[11.66477469063334,40.096694544786644]}"
+18444+63393,1,0,"{""geodesic"":false,""type"":""Point"",""coordinates"":[11.665407150561805,40.09384847510855]}"
+18444+63400,1,0,"{""geodesic"":false,""type"":""Point"",""coordinates"":[11.665407150561805,40.09827569460781]}"
+18444+63467,1,0,"{""geodesic"":false,""type"":""Point"",""coordinates"":[11.665407150561805,40.14065050981492]}"
+18446+63375,1,0,"{""geodesic"":false,""type"":""Point"",""coordinates"":[11.666672070418732,40.082464196396195]}"
+18453+63453,1,0,"{""geodesic"":false,""type"":""Point"",""coordinates"":[11.671099289917985,40.13179607081642]}"
+18456+63492,1,0,"{""geodesic"":false,""type"":""Point"",""coordinates"":[11.672996669703377,40.15646200802653]}"
+18459+63487,1,0,"{""geodesic"":false,""type"":""Point"",""coordinates"":[11.67489404948877,40.15329970838421]}"
+18463+63392,1,0,"{""geodesic"":false,""type"":""Point"",""coordinates"":[11.677423889202627,40.09321601518009]}"
+18464+63460,1,0,"{""geodesic"":false,""type"":""Point"",""coordinates"":[11.678056349131092,40.13622329031567]}"
+18465+63463,1,0,"{""geodesic"":false,""type"":""Point"",""coordinates"":[11.678688809059556,40.13812067010106]}"
+18467+63467,2,0,"{""geodesic"":false,""type"":""Point"",""coordinates"":[11.679953728916486,40.14033427985069]}"
+18468+63476,1,0,"{""geodesic"":false,""type"":""Point"",""coordinates"":[11.68058618884495,40.1463426491711]}"
+18470+63476,1,0,"{""geodesic"":false,""type"":""Point"",""coordinates"":[11.68185110870188,40.1463426491711]}"
+18471+63469,1,0,"{""geodesic"":false,""type"":""Point"",""coordinates"":[11.682483568630342,40.14191542967185]}"
+18472+63508,1,0,"{""geodesic"":false,""type"":""Point"",""coordinates"":[11.683116028558807,40.166581366881964]}"
+18473+63512,1,0,"{""geodesic"":false,""type"":""Point"",""coordinates"":[11.683748488487272,40.16911120659582]}"
+18474+63511,1,0,"{""geodesic"":false,""type"":""Point"",""coordinates"":[11.684380948415736,40.168478746667354]}"
+18475+63466,1,0,"{""geodesic"":false,""type"":""Point"",""coordinates"":[11.6850134083442,40.14001804988646]}"
+18476+63474,1,0,"{""geodesic"":false,""type"":""Point"",""coordinates"":[11.685645868272665,40.145077729314174]}"
+18476+63476,1,0,"{""geodesic"":false,""type"":""Point"",""coordinates"":[11.685645868272665,40.1463426491711]}"
+18477+63450,1,0,"{""geodesic"":false,""type"":""Point"",""coordinates"":[11.68627832820113,40.12989869103102]}"
+18477+63469,1,0,"{""geodesic"":false,""type"":""Point"",""coordinates"":[11.68627832820113,40.14191542967185]}"
+18478+63477,1,0,"{""geodesic"":false,""type"":""Point"",""coordinates"":[11.686910788129595,40.146975109099564]}"
+18478+63510,1,0,"{""geodesic"":false,""type"":""Point"",""coordinates"":[11.686910788129595,40.16784628673889]}"
+18481+63474,1,0,"{""geodesic"":false,""type"":""Point"",""coordinates"":[11.688808167914987,40.145077729314174]}"
+18482+63473,1,0,"{""geodesic"":false,""type"":""Point"",""coordinates"":[11.689440627843451,40.144445269385706]}"
+18484+63472,1,0,"{""geodesic"":false,""type"":""Point"",""coordinates"":[11.69070554770038,40.143812809457245]}"
+18490+63458,1,0,"{""geodesic"":false,""type"":""Point"",""coordinates"":[11.694500307271166,40.13495837045874]}"
+18509+63440,1,0,"{""geodesic"":false,""type"":""Point"",""coordinates"":[11.70651704591199,40.123574091746384]}"
+18522+63416,1,0,"{""geodesic"":false,""type"":""Point"",""coordinates"":[11.714739024982029,40.108395053463234]}"
+18524+63443,1,0,"{""geodesic"":false,""type"":""Point"",""coordinates"":[11.716003944838956,40.125471471531775]}"
+18547+63288,1,0,"{""geodesic"":false,""type"":""Point"",""coordinates"":[11.730550523193639,40.02744018261979]}"
+18556+63437,1,0,"{""geodesic"":false,""type"":""Point"",""coordinates"":[11.736242662549818,40.12167671196099]}"
+18563+63258,1,0,"{""geodesic"":false,""type"":""Point"",""coordinates"":[11.740669882049069,40.00846638476586]}"
+18564+63261,1,0,"{""geodesic"":false,""type"":""Point"",""coordinates"":[11.741302341977534,40.01036376455125]}"
+18565+63444,2,0,"{""geodesic"":false,""type"":""Point"",""coordinates"":[11.741934801905998,40.12578770149601]}"
+18566+63262,1,0,"{""geodesic"":false,""type"":""Point"",""coordinates"":[11.742567261834463,40.01099622447972]}"
+18566+63447,1,0,"{""geodesic"":false,""type"":""Point"",""coordinates"":[11.742567261834463,40.12800131124563]}"
+18567+63264,1,0,"{""geodesic"":false,""type"":""Point"",""coordinates"":[11.743199721762927,40.01226114433665]}"
+18573+63265,1,0,"{""geodesic"":false,""type"":""Point"",""coordinates"":[11.746994481333713,40.01289360426511]}"
+18574+63256,1,0,"{""geodesic"":false,""type"":""Point"",""coordinates"":[11.747626941262178,40.00720146490893]}"
+18576+63453,1,0,"{""geodesic"":false,""type"":""Point"",""coordinates"":[11.748891861119105,40.13179607081642]}"
+18587+63259,1,0,"{""geodesic"":false,""type"":""Point"",""coordinates"":[11.755848920332214,40.00909884469432]}"
+18588+63503,1,0,"{""geodesic"":false,""type"":""Point"",""coordinates"":[11.756481380260679,40.16341906723964]}"
+18591+63420,1,0,"{""geodesic"":false,""type"":""Point"",""coordinates"":[11.758378760046073,40.11092489317709]}"
+18594+63319,2,0,"{""geodesic"":false,""type"":""Point"",""coordinates"":[11.759959909867232,40.04704644040219]}"
+18597+63317,1,0,"{""geodesic"":false,""type"":""Point"",""coordinates"":[11.762173519616859,40.04578152054526]}"
+18606+63253,1,0,"{""geodesic"":false,""type"":""Point"",""coordinates"":[11.767865658973038,40.005304085123534]}"
+18615+63294,1,0,"{""geodesic"":false,""type"":""Point"",""coordinates"":[11.773557798329218,40.03123494219058]}"
+18616+63348,1,0,"{""geodesic"":false,""type"":""Point"",""coordinates"":[11.774190258257683,40.065387778327654]}"
+18618+63297,1,0,"{""geodesic"":false,""type"":""Point"",""coordinates"":[11.775455178114612,40.03313232197597]}"
+18618+63348,1,0,"{""geodesic"":false,""type"":""Point"",""coordinates"":[11.775455178114612,40.065387778327654]}"
+18619+63349,1,0,"{""geodesic"":false,""type"":""Point"",""coordinates"":[11.776087638043077,40.06602023825612]}"
+18621+63299,1,0,"{""geodesic"":false,""type"":""Point"",""coordinates"":[11.777352557900004,40.0343972418329]}"
+18622+63297,1,0,"{""geodesic"":false,""type"":""Point"",""coordinates"":[11.777985017828469,40.03313232197597]}"
+18622+63301,2,0,"{""geodesic"":false,""type"":""Point"",""coordinates"":[11.777668787864236,40.03566216168983]}"
+18622+63336,1,0,"{""geodesic"":false,""type"":""Point"",""coordinates"":[11.777985017828469,40.057798259186086]}"
+18622+63342,1,0,"{""geodesic"":false,""type"":""Point"",""coordinates"":[11.777985017828469,40.06159301875687]}"
+18623+63343,1,0,"{""geodesic"":false,""type"":""Point"",""coordinates"":[11.778617477756933,40.062225478685335]}"
+18625+63545,1,0,"{""geodesic"":false,""type"":""Point"",""coordinates"":[11.779882397613862,40.189982384235144]}"
+18628+63309,1,0,"{""geodesic"":false,""type"":""Point"",""coordinates"":[11.781779777399256,40.040721841117545]}"
+18628+63543,1,0,"{""geodesic"":false,""type"":""Point"",""coordinates"":[11.781779777399256,40.188717464378215]}"
+18629+63307,1,0,"{""geodesic"":false,""type"":""Point"",""coordinates"":[11.78241223732772,40.039456921260616]}"
+18630+63309,1,0,"{""geodesic"":false,""type"":""Point"",""coordinates"":[11.783044697256184,40.040721841117545]}"
+18632+63314,1,0,"{""geodesic"":false,""type"":""Point"",""coordinates"":[11.784309617113113,40.043884140759864]}"
+18642+63488,1,0,"{""geodesic"":false,""type"":""Point"",""coordinates"":[11.790634216397757,40.15393216831267]}"
+18650+63268,1,0,"{""geodesic"":false,""type"":""Point"",""coordinates"":[11.795693895825472,40.01479098405051]}"
+18651+63267,1,0,"{""geodesic"":false,""type"":""Point"",""coordinates"":[11.796326355753937,40.01415852412204]}"
+18651+63293,1,0,"{""geodesic"":false,""type"":""Point"",""coordinates"":[11.796326355753937,40.03060248226211]}"
+18652+63265,1,0,"{""geodesic"":false,""type"":""Point"",""coordinates"":[11.796958815682402,40.01289360426511]}"
+18652+63288,1,0,"{""geodesic"":false,""type"":""Point"",""coordinates"":[11.796958815682402,40.02744018261979]}"
+18654+63264,1,0,"{""geodesic"":false,""type"":""Point"",""coordinates"":[11.798223735539331,40.01226114433665]}"
+18655+63288,1,0,"{""geodesic"":false,""type"":""Point"",""coordinates"":[11.798856195467794,40.02744018261979]}"
+18659+63513,1,0,"{""geodesic"":false,""type"":""Point"",""coordinates"":[11.801386035181652,40.16974366652428]}"
+18661+63274,1,0,"{""geodesic"":false,""type"":""Point"",""coordinates"":[11.802650955038581,40.01858574362129]}"
+18661+63515,1,0,"{""geodesic"":false,""type"":""Point"",""coordinates"":[11.802650955038581,40.17100858638121]}"
+18664+63287,1,0,"{""geodesic"":false,""type"":""Point"",""coordinates"":[11.804548334823973,40.02680772269132]}"
+18664+63568,1,0,"{""geodesic"":false,""type"":""Point"",""coordinates"":[11.804548334823973,40.204528962589826]}"
+18665+63566,1,0,"{""geodesic"":false,""type"":""Point"",""coordinates"":[11.805180794752438,40.2032640427329]}"
+18667+63565,1,0,"{""geodesic"":false,""type"":""Point"",""coordinates"":[11.806445714609367,40.202631582804436]}"
+18668+63291,1,0,"{""geodesic"":false,""type"":""Point"",""coordinates"":[11.807078174537832,40.02933756240518]}"
+18668+63480,1,0,"{""geodesic"":false,""type"":""Point"",""coordinates"":[11.807078174537832,40.148872488884955]}"
+18672+63294,1,0,"{""geodesic"":false,""type"":""Point"",""coordinates"":[11.80960801425169,40.03123494219058]}"
+18675+63523,1,0,"{""geodesic"":false,""type"":""Point"",""coordinates"":[11.811505394037082,40.17606826580893]}"
+18678+63532,1,0,"{""geodesic"":false,""type"":""Point"",""coordinates"":[11.813402773822476,40.18176040516511]}"
+18680+63522,2,0,"{""geodesic"":false,""type"":""Point"",""coordinates"":[11.814351463715173,40.17543580588046]}"
+18683+63534,1,0,"{""geodesic"":false,""type"":""Point"",""coordinates"":[11.816565073464798,40.18302532502204]}"
+18684+63519,1,0,"{""geodesic"":false,""type"":""Point"",""coordinates"":[11.817197533393262,40.17353842609507]}"
+18696+63332,1,0,"{""geodesic"":false,""type"":""Point"",""coordinates"":[11.824787052534836,40.05526841947223]}"
+18697+63346,1,0,"{""geodesic"":false,""type"":""Point"",""coordinates"":[11.8254195124633,40.064122858470725]}"
+18698+63317,1,0,"{""geodesic"":false,""type"":""Point"",""coordinates"":[11.826051972391765,40.04578152054526]}"
+18698+63530,1,0,"{""geodesic"":false,""type"":""Point"",""coordinates"":[11.826051972391765,40.18049548530818]}"
+18701+63315,1,0,"{""geodesic"":false,""type"":""Point"",""coordinates"":[11.827949352177157,40.04451660068833]}"
+18701+63565,2,0,"{""geodesic"":false,""type"":""Point"",""coordinates"":[11.827949352177157,40.2023153528402]}"
+18701+63567,1,0,"{""geodesic"":false,""type"":""Point"",""coordinates"":[11.827949352177157,40.20389650266136]}"
+18701+63656,1,0,"{""geodesic"":false,""type"":""Point"",""coordinates"":[11.827949352177157,40.26018543629469]}"
+18702+63566,1,0,"{""geodesic"":false,""type"":""Point"",""coordinates"":[11.828581812105622,40.2032640427329]}"
+18704+63318,1,0,"{""geodesic"":false,""type"":""Point"",""coordinates"":[11.82984673196255,40.04641398047372]}"
+18704+63560,1,0,"{""geodesic"":false,""type"":""Point"",""coordinates"":[11.82984673196255,40.19946928316211]}"
+18709+63681,1,0,"{""geodesic"":false,""type"":""Point"",""coordinates"":[11.833009031604872,40.2759969345063]}"
+18710+63679,1,0,"{""geodesic"":false,""type"":""Point"",""coordinates"":[11.833641491533337,40.27473201464937]}"
+18712+63586,1,0,"{""geodesic"":false,""type"":""Point"",""coordinates"":[11.834906411390266,40.21591324130218]}"
+18715+63587,1,0,"{""geodesic"":false,""type"":""Point"",""coordinates"":[11.83680379117566,40.21654570123065]}"
+18715+63692,1,0,"{""geodesic"":false,""type"":""Point"",""coordinates"":[11.83680379117566,40.28295399371941]}"
+18719+63531,1,0,"{""geodesic"":false,""type"":""Point"",""coordinates"":[11.839333630889517,40.181127945236646]}"
+18719+63583,1,0,"{""geodesic"":false,""type"":""Point"",""coordinates"":[11.839333630889517,40.21401586151679]}"
+18720+63490,1,0,"{""geodesic"":false,""type"":""Point"",""coordinates"":[11.839966090817981,40.1551970881696]}"
+18721+63488,1,0,"{""geodesic"":false,""type"":""Point"",""coordinates"":[11.840598550746446,40.15393216831267]}"
+18723+63520,1,0,"{""geodesic"":false,""type"":""Point"",""coordinates"":[11.841863470603375,40.17417088602353]}"
+18724+63488,5,0,"{""geodesic"":false,""type"":""Point"",""coordinates"":[11.842622422517532,40.153046724412825]}"
+18726+63481,1,0,"{""geodesic"":false,""type"":""Point"",""coordinates"":[11.843760850388767,40.14950494881342]}"
+18727+63552,1,0,"{""geodesic"":false,""type"":""Point"",""coordinates"":[11.844393310317232,40.19440960373439]}"
+18728+63479,1,0,"{""geodesic"":false,""type"":""Point"",""coordinates"":[11.845025770245696,40.148240028956494]}"
+18731+63660,1,0,"{""geodesic"":false,""type"":""Point"",""coordinates"":[11.84692315003109,40.26271527600855]}"
+18731+63677,1,0,"{""geodesic"":false,""type"":""Point"",""coordinates"":[11.84692315003109,40.273467094792444]}"
+18732+63659,1,0,"{""geodesic"":false,""type"":""Point"",""coordinates"":[11.847555609959555,40.26208281608009]}"
+18732+63662,1,0,"{""geodesic"":false,""type"":""Point"",""coordinates"":[11.847555609959555,40.26398019586548]}"
+18735+63662,2,0,"{""geodesic"":false,""type"":""Point"",""coordinates"":[11.849136759780714,40.26398019586548]}"
+18741+63659,1,0,"{""geodesic"":false,""type"":""Point"",""coordinates"":[11.853247749315734,40.26208281608009]}"
+18745+63665,1,0,"{""geodesic"":false,""type"":""Point"",""coordinates"":[11.855777589029591,40.265877575650876]}"
+18754+63724,2,0,"{""geodesic"":false,""type"":""Point"",""coordinates"":[11.86146972838577,40.30287648146604]}"
+18757+63725,1,0,"{""geodesic"":false,""type"":""Point"",""coordinates"":[11.863367108171165,40.30382517135874]}"
+18760+63436,1,0,"{""geodesic"":false,""type"":""Point"",""coordinates"":[11.865264487956557,40.121044252032526]}"
+18761+63435,1,0,"{""geodesic"":false,""type"":""Point"",""coordinates"":[11.865896947885021,40.12041179210406]}"
+18769+63517,1,0,"{""geodesic"":false,""type"":""Point"",""coordinates"":[11.870956627312736,40.17227350623814]}"
+18788+63261,1,0,"{""geodesic"":false,""type"":""Point"",""coordinates"":[11.88297336595356,40.01036376455125]}"
+18789+63537,1,0,"{""geodesic"":false,""type"":""Point"",""coordinates"":[11.883605825882025,40.18492270480743]}"
+18792+63262,1,0,"{""geodesic"":false,""type"":""Point"",""coordinates"":[11.885503205667419,40.01099622447972]}"
+18796+63686,1,0,"{""geodesic"":false,""type"":""Point"",""coordinates"":[11.888033045381276,40.27915923414863]}"
+18800+63265,1,0,"{""geodesic"":false,""type"":""Point"",""coordinates"":[11.890562885095134,40.01289360426511]}"
+18801+63264,1,0,"{""geodesic"":false,""type"":""Point"",""coordinates"":[11.891195345023599,40.01226114433665]}"
+18821+63324,1,0,"{""geodesic"":false,""type"":""Point"",""coordinates"":[11.903844543592886,40.05020874004451]}"
+18822+63294,1,0,"{""geodesic"":false,""type"":""Point"",""coordinates"":[11.90447700352135,40.03123494219058]}"
+18826+63342,1,0,"{""geodesic"":false,""type"":""Point"",""coordinates"":[11.907006843235209,40.06159301875687]}"
+18827+63290,1,0,"{""geodesic"":false,""type"":""Point"",""coordinates"":[11.907639303163673,40.02870510247672]}"
+18827+63345,1,0,"{""geodesic"":false,""type"":""Point"",""coordinates"":[11.907639303163673,40.063490398542264]}"
+18828+63342,1,0,"{""geodesic"":false,""type"":""Point"",""coordinates"":[11.908271763092138,40.06159301875687]}"
+18900+63328,2,0,"{""geodesic"":false,""type"":""Point"",""coordinates"":[11.953808877941574,40.052422349794135]}"
+18901+63322,1,0,"{""geodesic"":false,""type"":""Point"",""coordinates"":[11.954441337870039,40.04894382018758]}"
+18901+63329,1,0,"{""geodesic"":false,""type"":""Point"",""coordinates"":[11.954441337870039,40.05337103968683]}"
+18903+63324,1,0,"{""geodesic"":false,""type"":""Point"",""coordinates"":[11.955706257726968,40.05020874004451]}"
+18908+63335,1,0,"{""geodesic"":false,""type"":""Point"",""coordinates"":[11.958868557369291,40.05716579925762]}"
+18908+63339,1,0,"{""geodesic"":false,""type"":""Point"",""coordinates"":[11.958868557369291,40.059695638971476]}"
+18910+63343,1,0,"{""geodesic"":false,""type"":""Point"",""coordinates"":[11.960133477226218,40.062225478685335]}"
+18914+63336,1,0,"{""geodesic"":false,""type"":""Point"",""coordinates"":[11.962663316940077,40.057798259186086]}"
+18915+63334,1,0,"{""geodesic"":false,""type"":""Point"",""coordinates"":[11.963295776868542,40.05653333932916]}"
+18915+63390,1,0,"{""geodesic"":false,""type"":""Point"",""coordinates"":[11.963295776868542,40.09195109532316]}"
+18920+63467,1,0,"{""geodesic"":false,""type"":""Point"",""coordinates"":[11.966458076510863,40.14065050981492]}"
+18922+63468,1,0,"{""geodesic"":false,""type"":""Point"",""coordinates"":[11.967722996367792,40.141282969743386]}"
+18925+63467,3,0,"{""geodesic"":false,""type"":""Point"",""coordinates"":[11.969620376153186,40.14001804988646]}"
+18933+66407,1,0,"{""geodesic"":false,""type"":""Point"",""coordinates"":[11.974680055580901,42.00008269950028]}"
+18934+66406,1,0,"{""geodesic"":false,""type"":""Point"",""coordinates"":[11.975312515509366,41.99945023957182]}"
+18936+66404,1,0,"{""geodesic"":false,""type"":""Point"",""coordinates"":[11.976577435366293,41.99818531971489]}"
+18937+66403,1,0,"{""geodesic"":false,""type"":""Point"",""coordinates"":[11.977209895294758,41.997552859786424]}"
+18939+66402,2,0,"{""geodesic"":false,""type"":""Point"",""coordinates"":[11.978158585187455,41.99692039985796]}"
+18941+66401,1,0,"{""geodesic"":false,""type"":""Point"",""coordinates"":[11.979739735008616,41.9962879399295]}"
+18947+63377,1,0,"{""geodesic"":false,""type"":""Point"",""coordinates"":[11.983534494579402,40.083729116253124]}"
+18948+66401,1,0,"{""geodesic"":false,""type"":""Point"",""coordinates"":[11.984166954507867,41.9962879399295]}"
+18949+63376,3,0,"{""geodesic"":false,""type"":""Point"",""coordinates"":[11.984588594460178,40.08267501637235]}"
+18951+66401,1,0,"{""geodesic"":false,""type"":""Point"",""coordinates"":[11.98606433429326,41.9962879399295]}"
+18955+66400,1,0,"{""geodesic"":false,""type"":""Point"",""coordinates"":[11.988594174007117,41.995655480001034]}"
+18959+63300,1,0,"{""geodesic"":false,""type"":""Point"",""coordinates"":[11.991124013720976,40.03502970176137]}"
+18959+63386,1,0,"{""geodesic"":false,""type"":""Point"",""coordinates"":[11.991124013720976,40.0894212556093]}"
+18960+63376,1,0,"{""geodesic"":false,""type"":""Point"",""coordinates"":[11.99175647364944,40.083096656324656]}"
+18961+63297,1,0,"{""geodesic"":false,""type"":""Point"",""coordinates"":[11.992388933577905,40.03313232197597]}"
+18961+63378,1,0,"{""geodesic"":false,""type"":""Point"",""coordinates"":[11.992388933577905,40.084361576181585]}"
+18962+63376,2,0,"{""geodesic"":false,""type"":""Point"",""coordinates"":[11.993021393506368,40.08278042636043]}"
+18963+63380,2,0,"{""geodesic"":false,""type"":""Point"",""coordinates"":[11.9933376234706,40.085626496038515]}"
+18970+63278,1,0,"{""geodesic"":false,""type"":""Point"",""coordinates"":[11.998081072934083,40.021115583335146]}"
